{
    "adaptive_bed_mesh_margin": "0",
    "auxiliary_fan": "0",
    "bbl_use_printhost": "0",
    "bed_custom_model": "",
    "bed_custom_texture": "",
    "bed_exclude_area": [
        "0x0"
    ],
    "bed_mesh_max": "99999,99999",
    "bed_mesh_min": "-99999,-99999",
    "bed_mesh_probe_distance": "50,50",
    "before_layer_change_gcode": ";BEFORE_LAYER_CHANGE\n;[layer_z]\nG92 E0\n",
    "best_object_pos": "0.5,0.5",
    "change_extrusion_role_gcode": "",
    "change_filament_gcode": "M600",
    "cooling_tube_length": "5",
    "cooling_tube_retraction": "91.5",
    "default_filament_profile": [
        "Creality Generic PLA"
    ],
    "default_print_profile": "0.20mm Standard @Creality Ender3 Pro 0.4",
    "deretraction_speed": [
        "30"
    ],
    "disable_m73": "0",
    "emit_machine_limits_to_gcode": "1",
    "enable_filament_ramming": "1",
    "enable_long_retraction_when_cut": "0",
    "extra_loading_move": "-2",
    "extruder_clearance_height_to_lid": "25",
    "extruder_clearance_height_to_rod": "25",
    "extruder_clearance_radius": "47",
    "extruder_colour": [
        "#FCE94F"
    ],
    "extruder_offset": [
        "0x0"
    ],
    "fan_kickstart": "0",
    "fan_speedup_overhangs": "1",
    "fan_speedup_time": "0",
    "from": "User",
    "gcode_flavor": "klipper",
    "head_wrap_detect_zone": [],
    "high_current_on_filament_swap": "0",
    "host_type": "octoprint",
    "inherits": "Creality Ender-3 Pro 0.4 nozzle",
    "is_custom_defined": "0",
    "layer_change_gcode": "",
    "long_retractions_when_cut": [
        "0"
    ],
    "machine_end_gcode": "G91 ;Relative positioning\nG1 E-2 F2700 ;Retract a bit\nG1 E-2 Z0.2 F2400 ;Retract and raise Z\nG1 X5 Y5 F3000 ;Wipe out\nG1 Z10 ;Raise Z more\nG90 ;Absolute positioning\nSET_SKEW CLEAR=1\nNOZZLE_CLEAN\nNOZZLE_PARKING\nG90 ;Absolute positioning\nG1 X0.1 Y20\n\n\nM106 S0 ;Turn-off fan\nM104 S0 ;Turn-off hotend\nM140 S0 ;Turn-off bed\n\nM84 X Y E ;Disable all steppers but Z",
    "machine_load_filament_time": "0",
    "machine_max_acceleration_e": [
        "5000",
        "5000"
    ],
    "machine_max_acceleration_extruding": [
        "15000",
        "500"
    ],
    "machine_max_acceleration_retracting": [
        "5000",
        "1000"
    ],
    "machine_max_acceleration_travel": [
        "1500",
        "1250"
    ],
    "machine_max_acceleration_x": [
        "15000",
        "500"
    ],
    "machine_max_acceleration_y": [
        "15000",
        "500"
    ],
    "machine_max_acceleration_z": [
        "1500",
        "100"
    ],
    "machine_max_jerk_e": [
        "2.5",
        "5"
    ],
    "machine_max_jerk_x": [
        "15",
        "8"
    ],
    "machine_max_jerk_y": [
        "15",
        "8"
    ],
    "machine_max_jerk_z": [
        "3",
        "0.4"
    ],
    "machine_max_speed_e": [
        "30",
        "60"
    ],
    "machine_max_speed_x": [
        "500",
        "500"
    ],
    "machine_max_speed_y": [
        "500",
        "500"
    ],
    "machine_max_speed_z": [
        "30",
        "10"
    ],
    "machine_min_extruding_rate": [
        "0",
        "0"
    ],
    "machine_min_travel_rate": [
        "0",
        "0"
    ],
    "machine_pause_gcode": "M25",
    "machine_start_gcode": "G28 ; home all axes\nG1 Z5 F5000 ; lift nozzle\nNOZZLE_PARKING\n\nM190 S[hot_plate_temp]\n\nBED_MESH_CALIBRATE\nNOZZLE_PARKING\n\nM109 S[nozzle_temperature]\nNOZZLE_CLEAN\nLINE_PURGE\n",
    "machine_tool_change_time": "0",
    "machine_unload_filament_time": "0",
    "manual_filament_change": "0",
    "max_layer_height": [
        "0.36"
    ],
    "min_layer_height": [
        "0.08"
    ],
    "name": "My Creality Ender-3 Pro 0.4 new bed",
    "nozzle_diameter": [
        "0.4"
    ],
    "nozzle_height": "2.5",
    "nozzle_hrc": "0",
    "nozzle_type": "undefine",
    "nozzle_volume": "0",
    "parking_pos_retraction": "92",
    "pellet_modded_printer": "0",
    "preferred_orientation": "0",
    "printable_area": [
        "0x16",
        "231x16",
        "231x239",
        "0x239"
    ],
    "printable_height": "250",
    "printer_model": "Creality Ender-3 Pro",
    "printer_notes": "",
    "printer_settings_id": "My Creality Ender-3 Pro 0.4 new bed",
    "printer_structure": "i3",
    "printer_technology": "FFF",
    "printer_variant": "0.4",
    "printhost_authorization_type": "key",
    "printhost_ssl_ignore_revoke": "0",
    "printing_by_object_gcode": "",
    "purge_in_prime_tower": "1",
    "retract_before_wipe": [
        "0%"
    ],
    "retract_length_toolchange": [
        "1"
    ],
    "retract_lift_above": [
        "0"
    ],
    "retract_lift_below": [
        "0"
    ],
    "retract_lift_enforce": [
        "All Surfaces"
    ],
    "retract_restart_extra": [
        "0"
    ],
    "retract_restart_extra_toolchange": [
        "0"
    ],
    "retract_when_changing_layer": [
        "1"
    ],
    "retraction_distances_when_cut": [
        "18"
    ],
    "retraction_length": [
        "0.5"
    ],
    "retraction_minimum_travel": [
        "1"
    ],
    "retraction_speed": [
        "30"
    ],
    "scan_first_layer": "0",
    "silent_mode": "0",
    "single_extruder_multi_material": "1",
    "support_air_filtration": "0",
    "support_chamber_temp_control": "0",
    "support_multi_bed_types": "0",
    "template_custom_gcode": "",
    "thumbnails": "",
    "thumbnails_format": "PNG",
    "time_cost": "0",
    "time_lapse_gcode": "",
    "travel_slope": [
        "3"
    ],
    "upward_compatible_machine": [],
    "use_firmware_retraction": "0",
    "use_relative_e_distances": "1",
    "version": "2.0.2.0",
    "wipe": [
        "1"
    ],
    "wipe_distance": [
        "1"
    ],
    "z_hop": [
        "0.4"
    ],
    "z_hop_types": [
        "Auto Lift"
    ],
    "z_offset": "0"
}
